,wlane,wolane,WoEScore
Yes,284,4737,-3.9202080282147036
No,123,2323,8.504323235329887
