,wlane,wolane,WoEScore
With Traffic,314,4219,-25.542671882860752
Facing Traffic,76,1659,22.984980485942074
Not Applicable,13,863,134.20781885771984
Unknown,4,315,151.28911326610498
