,wlane,wolane,WoEScore
With Traffic,314.0,4219.0,1.0
Facing Traffic,76.0,1659.0,0.6607954305347095
Unknown,4.0,315.0,0.5894969048352714
Not Applicable,13.0,863.0,0.0
