,wlane,wolane,WoEScore
Non-Intersection,288,3175,-45.32847138538466
Intersection-Related,15,426,49.30020001224676
Intersection,102,3128,56.97891433362378
Non-Roadway,2,317,221.23674482726426
