,wlane,wolane,WoEScore
Institutional,20,198,-56.08523879041485
"Farms, Woods, Pastures",78,844,-47.19434771383274
Commercial,173,2961,-1.3396411440880516
Residential,136,3031,25.060584627705847
