,wlane,wolane,WoEScore
Unknown Injury,73,972,-26.4490781732645
C: Possible Injury,7,99,-20.41774439654161
O: No Injury,324,5920,5.196106704102915
B: Evident Injury,3,58,10.8443576833617
